time,REACH1LEAKAGE,REACH12LEAKAGE,REACH24LEAKAGE
730.0000000000,21.92957,0.000000,0.000000
30000.00000000,21.92957,0.000000,0.000000
